-- phpMyAdmin SQL Dump
-- version 4.9.5
-- https://www.phpmyadmin.net/
--
-- Host: localhost:3306
-- Waktu pembuatan: 24 Jun 2021 pada 10.43
-- Versi server: 10.3.16-MariaDB
-- Versi PHP: 7.3.23

SET SQL_MODE = "NO_AUTO_VALUE_ON_ZERO";
SET AUTOCOMMIT = 0;
START TRANSACTION;
SET time_zone = "+00:00";


/*!40101 SET @OLD_CHARACTER_SET_CLIENT=@@CHARACTER_SET_CLIENT */;
/*!40101 SET @OLD_CHARACTER_SET_RESULTS=@@CHARACTER_SET_RESULTS */;
/*!40101 SET @OLD_COLLATION_CONNECTION=@@COLLATION_CONNECTION */;
/*!40101 SET NAMES utf8mb4 */;

--
-- Database: `nilesinecf`
--

-- --------------------------------------------------------

--
-- Struktur dari tabel `ci_sessions`
--

CREATE TABLE `ci_sessions` (
  `id` varchar(128) NOT NULL,
  `ip_address` varchar(45) NOT NULL,
  `timestamp` int(10) UNSIGNED NOT NULL DEFAULT 0,
  `data` blob NOT NULL
) ENGINE=InnoDB DEFAULT CHARSET=utf8mb4;

--
-- Dumping data untuk tabel `ci_sessions`
--

INSERT INTO `ci_sessions` (`id`, `ip_address`, `timestamp`, `data`) VALUES
('vt8c92kmvvk9jgrsuvue5rjp555fj5fr', '140.213.35.116', 1624359051, 0x5f5f63695f6c6173745f726567656e65726174657c693a313632343335393035313b7265646972656374696f6e7c4e3b5f5f4143544956455f53455353494f4e5f444154417c733a3235363a223139656462343039613566313061616231663139353734353235636130656465363461383235633264306530666463636635306230653862373538333662323036663632623961306236646363336562323832373330623930633136656365383837656266326432616237656566366563616231653934626532633134393630392b595237486641576a4e34774b53744d39565939306a496c4e7272793173742f633478457a364b724235686851596e3776436573696d66416d2b453336712f2f63646142762f725844314f6f5452325278595733632f4636356331556c743574504e69742b59597868474c4b536262786366314d6c676a50503831586f7652223b),
('vi13dgf8o7chuqi9l4ef0596c31fgn3s', '140.213.35.116', 1624359367, 0x5f5f63695f6c6173745f726567656e65726174657c693a313632343335393336373b7265646972656374696f6e7c4e3b5f5f4143544956455f53455353494f4e5f444154417c733a3235363a223139656462343039613566313061616231663139353734353235636130656465363461383235633264306530666463636635306230653862373538333662323036663632623961306236646363336562323832373330623930633136656365383837656266326432616237656566366563616231653934626532633134393630392b595237486641576a4e34774b53744d39565939306a496c4e7272793173742f633478457a364b724235686851596e3776436573696d66416d2b453336712f2f63646142762f725844314f6f5452325278595733632f4636356331556c743574504e69742b59597868474c4b536262786366314d6c676a50503831586f7652223b),
('9l7sbki21nnodnv3oc1j7rkmu7v41usv', '140.213.0.237', 1624359748, 0x5f5f63695f6c6173745f726567656e65726174657c693a313632343335393734383b7265646972656374696f6e7c4e3b5f5f4143544956455f53455353494f4e5f444154417c733a3235363a223139656462343039613566313061616231663139353734353235636130656465363461383235633264306530666463636635306230653862373538333662323036663632623961306236646363336562323832373330623930633136656365383837656266326432616237656566366563616231653934626532633134393630392b595237486641576a4e34774b53744d39565939306a496c4e7272793173742f633478457a364b724235686851596e3776436573696d66416d2b453336712f2f63646142762f725844314f6f5452325278595733632f4636356331556c743574504e69742b59597868474c4b536262786366314d6c676a50503831586f7652223b),
('3i9lct17e947k7sfjigtqb5jl0ndd9r1', '140.213.0.237', 1624360251, 0x5f5f63695f6c6173745f726567656e65726174657c693a313632343336303235313b7265646972656374696f6e7c4e3b5f5f4143544956455f53455353494f4e5f444154417c733a3235363a223139656462343039613566313061616231663139353734353235636130656465363461383235633264306530666463636635306230653862373538333662323036663632623961306236646363336562323832373330623930633136656365383837656266326432616237656566366563616231653934626532633134393630392b595237486641576a4e34774b53744d39565939306a496c4e7272793173742f633478457a364b724235686851596e3776436573696d66416d2b453336712f2f63646142762f725844314f6f5452325278595733632f4636356331556c743574504e69742b59597868474c4b536262786366314d6c676a50503831586f7652223b),
('lf8f9aqdobramfb8moh2v6hbekea84dl', '140.213.5.56', 1624360562, 0x5f5f63695f6c6173745f726567656e65726174657c693a313632343336303536323b7265646972656374696f6e7c4e3b5f5f4143544956455f53455353494f4e5f444154417c733a3235363a223139656462343039613566313061616231663139353734353235636130656465363461383235633264306530666463636635306230653862373538333662323036663632623961306236646363336562323832373330623930633136656365383837656266326432616237656566366563616231653934626532633134393630392b595237486641576a4e34774b53744d39565939306a496c4e7272793173742f633478457a364b724235686851596e3776436573696d66416d2b453336712f2f63646142762f725844314f6f5452325278595733632f4636356331556c743574504e69742b59597868474c4b536262786366314d6c676a50503831586f7652223b),
('bo48uelkk6p4meekl8ok20t37d59r7mr', '140.213.0.237', 1624361515, 0x5f5f63695f6c6173745f726567656e65726174657c693a313632343336313531353b7265646972656374696f6e7c4e3b5f5f4143544956455f53455353494f4e5f444154417c733a3235363a223139656462343039613566313061616231663139353734353235636130656465363461383235633264306530666463636635306230653862373538333662323036663632623961306236646363336562323832373330623930633136656365383837656266326432616237656566366563616231653934626532633134393630392b595237486641576a4e34774b53744d39565939306a496c4e7272793173742f633478457a364b724235686851596e3776436573696d66416d2b453336712f2f63646142762f725844314f6f5452325278595733632f4636356331556c743574504e69742b59597868474c4b536262786366314d6c676a50503831586f7652223b),
('3km343sso9otapekh85tbe1mage9vv3g', '140.213.0.237', 1624361854, 0x5f5f63695f6c6173745f726567656e65726174657c693a313632343336313835343b7265646972656374696f6e7c4e3b5f5f4143544956455f53455353494f4e5f444154417c733a3235363a223139656462343039613566313061616231663139353734353235636130656465363461383235633264306530666463636635306230653862373538333662323036663632623961306236646363336562323832373330623930633136656365383837656266326432616237656566366563616231653934626532633134393630392b595237486641576a4e34774b53744d39565939306a496c4e7272793173742f633478457a364b724235686851596e3776436573696d66416d2b453336712f2f63646142762f725844314f6f5452325278595733632f4636356331556c743574504e69742b59597868474c4b536262786366314d6c676a50503831586f7652223b),
('49q8vcrostevtvapcgufcd14mdefp3fe', '140.213.5.56', 1624366067, 0x5f5f63695f6c6173745f726567656e65726174657c693a313632343336363036373b),
('p2t5ecbv6p64i123b2qhup8fetg4el6v', '140.213.35.116', 1624361962, 0x5f5f63695f6c6173745f726567656e65726174657c693a313632343336313835343b7265646972656374696f6e7c4e3b5f5f4143544956455f53455353494f4e5f444154417c733a3235363a223139656462343039613566313061616231663139353734353235636130656465363461383235633264306530666463636635306230653862373538333662323036663632623961306236646363336562323832373330623930633136656365383837656266326432616237656566366563616231653934626532633134393630392b595237486641576a4e34774b53744d39565939306a496c4e7272793173742f633478457a364b724235686851596e3776436573696d66416d2b453336712f2f63646142762f725844314f6f5452325278595733632f4636356331556c743574504e69742b59597868474c4b536262786366314d6c676a50503831586f7652223b),
('3gkh5obi9n827e4aud9ku250m251368b', '140.213.5.50', 1624369325, 0x5f5f63695f6c6173745f726567656e65726174657c693a313632343336393332353b),
('djq5tmv026r5m4nuercnt35nps7q7q3j', '180.243.15.182', 1624370028, 0x5f5f63695f6c6173745f726567656e65726174657c693a313632343337303032383b5f5f4143544956455f53455353494f4e5f444154417c733a3235363a22623761626536396363393431303637343166333732633061393432643538393932666430386532623637306466623065633139613532336134383132633138303238316632396438326135356334306338633762313863633864303431636166343831353561666330313335393565633665376138663235393261353233386651576176752b443370655752554c6969384f6f5a685131325379326e30336d4c4a4c353035695247634d6b6f79567942634c7649507a4c584162597a3459636b32446263374f7a564375475167386459647a33464e36674b2b5547766b6d7936496c6951673137666b6c5467356b35464e6b386374764c37615175784e4d3753223b),
('svfu11tfgdmsm4v1qqgkagme1a0lca6m', '140.213.35.116', 1624369627, 0x5f5f63695f6c6173745f726567656e65726174657c693a313632343336393632373b),
('72r50q7l5i47nrn9iaupdvu6bo9qt1vl', '140.213.35.116', 1624369851, 0x5f5f63695f6c6173745f726567656e65726174657c693a313632343336393632373b),
('tfs16o00k0gnnbvhaess6iutrq0e9j3u', '180.243.15.182', 1624370510, 0x5f5f63695f6c6173745f726567656e65726174657c693a313632343337303531303b5f5f4143544956455f53455353494f4e5f444154417c733a3235363a22623761626536396363393431303637343166333732633061393432643538393932666430386532623637306466623065633139613532336134383132633138303238316632396438326135356334306338633762313863633864303431636166343831353561666330313335393565633665376138663235393261353233386651576176752b443370655752554c6969384f6f5a685131325379326e30336d4c4a4c353035695247634d6b6f79567942634c7649507a4c584162597a3459636b32446263374f7a564375475167386459647a33464e36674b2b5547766b6d7936496c6951673137666b6c5467356b35464e6b386374764c37615175784e4d3753223b),
('88horreqtjedn8ube8i47vp7od8qt6ta', '180.243.15.182', 1624372952, 0x5f5f63695f6c6173745f726567656e65726174657c693a313632343337323935323b5f5f4143544956455f53455353494f4e5f444154417c733a3235363a22623761626536396363393431303637343166333732633061393432643538393932666430386532623637306466623065633139613532336134383132633138303238316632396438326135356334306338633762313863633864303431636166343831353561666330313335393565633665376138663235393261353233386651576176752b443370655752554c6969384f6f5a685131325379326e30336d4c4a4c353035695247634d6b6f79567942634c7649507a4c584162597a3459636b32446263374f7a564375475167386459647a33464e36674b2b5547766b6d7936496c6951673137666b6c5467356b35464e6b386374764c37615175784e4d3753223b),
('irn1i4hk56s88sp18sedckmhmun77hvf', '103.138.49.9', 1624373194, 0x5f5f63695f6c6173745f726567656e65726174657c693a313632343337333139343b7265646972656374696f6e7c4e3b5f5f4143544956455f53455353494f4e5f444154417c733a3235363a2232343865623032366235623265303734333934646532313739323231666161643932633935333466323632633639323237646362356465623030336564346361666663663562306431616336623039663436333935383336393433356638393638613061643336643434326132316132306432303733613235653832383537302f6d45704a563834674659792b577775557752633368513372314a735a78465571466b2b597478796f6652513435735a79704b464b4758734c3239423469786e6a627a64357145764e4b6d6f566e5372312b6d394b45686a4d396755554c7774737148436c48754d4b38495441337a59616f586759716f4b776956795969726d223b),
('vk3dncrhjajsnpgh99hhukjk6v4irg1e', '101.203.171.68', 1624372900, 0x5f5f63695f6c6173745f726567656e65726174657c693a313632343337323839393b7265646972656374696f6e7c733a34383a226148523063446f764c336433647935726233427063324675644856354c6d31354c6d6c6b4c324e316333527662575679223b),
('u704h7dmkffdcn2nh0037lslf8bml15q', '180.243.15.182', 1624372953, 0x5f5f63695f6c6173745f726567656e65726174657c693a313632343337323935323b5f5f4143544956455f53455353494f4e5f444154417c733a3235363a22623761626536396363393431303637343166333732633061393432643538393932666430386532623637306466623065633139613532336134383132633138303238316632396438326135356334306338633762313863633864303431636166343831353561666330313335393565633665376138663235393261353233386651576176752b443370655752554c6969384f6f5a685131325379326e30336d4c4a4c353035695247634d6b6f79567942634c7649507a4c584162597a3459636b32446263374f7a564375475167386459647a33464e36674b2b5547766b6d7936496c6951673137666b6c5467356b35464e6b386374764c37615175784e4d3753223b),
('lusthusmmjnhlqclsk5bd4jdlnh4j4ab', '110.50.80.197', 1624372964, 0x5f5f63695f6c6173745f726567656e65726174657c693a313632343337323936333b6c6f67696e5f666c6173687c733a31373a22416e64612062656c756d206c6f67696e21223b5f5f63695f766172737c613a313a7b733a31313a226c6f67696e5f666c617368223b733a333a226f6c64223b7d7265646972656374696f6e7c4e3b),
('l2b09jvgjtjjsu4p7bn72hd1rr47h80q', '113.197.108.37', 1624372980, 0x5f5f63695f6c6173745f726567656e65726174657c693a313632343337323937393b7265646972656374696f6e7c733a34343a226148523063446f764c336433647935726233427063324675644856354c6d31354c6d6c6b4c32466b62576c75223b),
('97dc3q6ispcj1tg0o1vf2s0v1tusig2k', '103.138.49.9', 1624373944, 0x5f5f63695f6c6173745f726567656e65726174657c693a313632343337333934343b7265646972656374696f6e7c4e3b5f5f4143544956455f53455353494f4e5f444154417c733a3235363a2233346237663633663131623961376639333464353430363737613235336137323433363933623035613630346237643165396439346330656164616536656363386363383432316330346232313066363035343733353139326536343038336661633264646634306130333638313061613164636639393237656234633832362f6171752b326f5358594942312f724c796a6a6246693743715251596e52305751575533415a6e4137367933473150575745773277422f44446c7a51436643384d5379466336514146314e34616d386e6a7553374453414f3937792f4473566d646348504c322b6e4738317a396a784a78376b47494b41577931494e4f47696e223b),
('pon0ce4gulhiu8pd63hhp9ngepgr6qlf', '110.50.81.196', 1624373293, 0x5f5f63695f6c6173745f726567656e65726174657c693a313632343337333239313b7265646972656374696f6e7c733a36303a226148523063446f764c336433647935726233427063324675644856354c6d31354c6d6c6b4c324e3163335276625756794c3342686557316c626e527a223b),
('m1a3ro59n4hoks9i7krun3tc168u2hvi', '103.138.49.9', 1624374270, 0x5f5f63695f6c6173745f726567656e65726174657c693a313632343337343237303b5f5f4143544956455f53455353494f4e5f444154417c733a3235363a223561303665326539623063626362373334303037656135643263353634306235663032636138323230326637616438663166393438303532386238303134616365343035653532663661393332343565636638626236666237366135663664656437363436663737323164346639666536646665383465383464626532383038357a416d4f6569364c4c596a51474d7431783372335a3343434d78754c464a6a30336351356745565a2f72566131762b7074534475476d362b5a6d6549486c643766666c7862637457374e55704731684f6f5066716c594c79415765357138484b546962505832636344306431464c4265474a30316b78714e7955582f554a62223b),
('baremnj7kdc0v7dndrk2fq8vb6araqmd', '103.138.49.95', 1624374601, 0x5f5f63695f6c6173745f726567656e65726174657c693a313632343337343630313b5f5f4143544956455f53455353494f4e5f444154417c733a3235363a223561303665326539623063626362373334303037656135643263353634306235663032636138323230326637616438663166393438303532386238303134616365343035653532663661393332343565636638626236666237366135663664656437363436663737323164346639666536646665383465383464626532383038357a416d4f6569364c4c596a51474d7431783372335a3343434d78754c464a6a30336351356745565a2f72566131762b7074534475476d362b5a6d6549486c643766666c7862637457374e55704731684f6f5066716c594c79415765357138484b546962505832636344306431464c4265474a30316b78714e7955582f554a62223b),
('m3aud0fg2769qsop6h7nna5ctlo1rcau', '103.138.49.95', 1624374914, 0x5f5f63695f6c6173745f726567656e65726174657c693a313632343337343931343b5f5f4143544956455f53455353494f4e5f444154417c733a3235363a223561303665326539623063626362373334303037656135643263353634306235663032636138323230326637616438663166393438303532386238303134616365343035653532663661393332343565636638626236666237366135663664656437363436663737323164346639666536646665383465383464626532383038357a416d4f6569364c4c596a51474d7431783372335a3343434d78754c464a6a30336351356745565a2f72566131762b7074534475476d362b5a6d6549486c643766666c7862637457374e55704731684f6f5066716c594c79415765357138484b546962505832636344306431464c4265474a30316b78714e7955582f554a62223b),
('23vourhggnk3t3o31rfmr4s9pepshndm', '103.138.49.95', 1624375215, 0x5f5f63695f6c6173745f726567656e65726174657c693a313632343337353231353b5f5f4143544956455f53455353494f4e5f444154417c733a3235363a223561303665326539623063626362373334303037656135643263353634306235663032636138323230326637616438663166393438303532386238303134616365343035653532663661393332343565636638626236666237366135663664656437363436663737323164346639666536646665383465383464626532383038357a416d4f6569364c4c596a51474d7431783372335a3343434d78754c464a6a30336351356745565a2f72566131762b7074534475476d362b5a6d6549486c643766666c7862637457374e55704731684f6f5066716c594c79415765357138484b546962505832636344306431464c4265474a30316b78714e7955582f554a62223b),
('j5jk2t85ec0iuc3q06k217klfdab16dq', '103.138.49.95', 1624375519, 0x5f5f63695f6c6173745f726567656e65726174657c693a313632343337353531393b5f5f4143544956455f53455353494f4e5f444154417c733a3235363a223561303665326539623063626362373334303037656135643263353634306235663032636138323230326637616438663166393438303532386238303134616365343035653532663661393332343565636638626236666237366135663664656437363436663737323164346639666536646665383465383464626532383038357a416d4f6569364c4c596a51474d7431783372335a3343434d78754c464a6a30336351356745565a2f72566131762b7074534475476d362b5a6d6549486c643766666c7862637457374e55704731684f6f5066716c594c79415765357138484b546962505832636344306431464c4265474a30316b78714e7955582f554a62223b6164645f6e65775f70726f647563745f666c6173687c733a33333a2250726f64756b206261727520626572686173696c20646974616d6261686b616e21223b5f5f63695f766172737c613a313a7b733a32313a226164645f6e65775f70726f647563745f666c617368223b733a333a226f6c64223b7d),
('mlfa7r6nf3l7u9q248uj8ubj170qfil0', '103.138.49.95', 1624375836, 0x5f5f63695f6c6173745f726567656e65726174657c693a313632343337353833363b5f5f4143544956455f53455353494f4e5f444154417c733a3235363a223561303665326539623063626362373334303037656135643263353634306235663032636138323230326637616438663166393438303532386238303134616365343035653532663661393332343565636638626236666237366135663664656437363436663737323164346639666536646665383465383464626532383038357a416d4f6569364c4c596a51474d7431783372335a3343434d78754c464a6a30336351356745565a2f72566131762b7074534475476d362b5a6d6549486c643766666c7862637457374e55704731684f6f5066716c594c79415765357138484b546962505832636344306431464c4265474a30316b78714e7955582f554a62223b),
('ernurerooo0icia4oi742vuqr87a381p', '140.213.2.21', 1624376638, 0x5f5f63695f6c6173745f726567656e65726174657c693a313632343337353934343b7265646972656374696f6e7c4e3b5f5f4143544956455f53455353494f4e5f444154417c733a3235363a223436363834636332386530633263313032333063373563323038336239343132326632383465306339376237303564653739613963663935323661303934323730623937666337396537373939643430393935346331623130383736376234366139626363646132333939646135393733646166373765626231656633376363496d795a74712b5133747666487758515769744f4e4e3374482b6866566e324972617a5153792f776d52414e33616736745370373439544972584457747059555441306a6f54496959763841624d454a506b7675777a457032436530346849496574394b7868305572386b4a6f41756e2f4749544565796253727a755444424a223b),
('uiro95fptq4shgvrq21k4m5mv0477k5s', '103.138.49.95', 1624378025, 0x5f5f63695f6c6173745f726567656e65726174657c693a313632343337383032353b5f5f4143544956455f53455353494f4e5f444154417c733a3235363a223561303665326539623063626362373334303037656135643263353634306235663032636138323230326637616438663166393438303532386238303134616365343035653532663661393332343565636638626236666237366135663664656437363436663737323164346639666536646665383465383464626532383038357a416d4f6569364c4c596a51474d7431783372335a3343434d78754c464a6a30336351356745565a2f72566131762b7074534475476d362b5a6d6549486c643766666c7862637457374e55704731684f6f5066716c594c79415765357138484b546962505832636344306431464c4265474a30316b78714e7955582f554a62223b),
('3gumav5okve8j9vka6r7n7b51jrid8tg', '112.215.65.241', 1624375944, 0x5f5f63695f6c6173745f726567656e65726174657c693a313632343337353934343b7265646972656374696f6e7c4e3b5f5f4143544956455f53455353494f4e5f444154417c733a3235363a2235373664353331366437393164313037663731373836326434386430323534633735653833613765373536373666383635386236373761343639386636613665346463366636313830323431393031623739373837646538666232623339386663323663333136666263316239626232393331323966623639343361653937613471617748747931782b504c46306d4e7536535a74625076316d2b456d4a6d4e6137686d6b68495177317152475457676d705a365a4a2b4671355341674d772b46336e646268417656786d2f4261514a2b41507761346f5866646f58346b684b30547078427056362f646c4d5a796f532f4a2f546c3742445547772f34495871223b),
('v6b4j43694iioocib7d5ht42a29thqqu', '103.138.49.95', 1624381551, 0x5f5f63695f6c6173745f726567656e65726174657c693a313632343338313535313b5f5f4143544956455f53455353494f4e5f444154417c733a3235363a223262396232376239613737326538333761376464656661383365333566386161313433636133656638336134643163326635323133303264643461663732623638353763626163303762636266666162333563616663623865616165376161646561613066383835346364323735626339656630326361366231353862623232354b6b42704b714354474a78483456477a374d77794c656357495038647a495170586c32484976564f6d526868797a51642b2b4272316e354f484f752f59415a554b6f3635546638794c4563644a636e575673614a76576231727359736d6a78716c3948735243366f613433466e434963735a6b3953726958737a4a515a664c223b7265646972656374696f6e7c4e3b),
('9g3vi9r623h5rq8jql24qqq3lafovg1g', '140.213.2.21', 1624379824, 0x5f5f63695f6c6173745f726567656e65726174657c693a313632343337393832343b),
('mec5guj75ut69q7984k67f6eck2vsabi', '140.213.35.113', 1624379919, 0x5f5f63695f6c6173745f726567656e65726174657c693a313632343337393832343b636172745f636f6e74656e74737c613a31303a7b733a31303a22636172745f746f74616c223b643a3138333030303b733a31313a22746f74616c5f6974656d73223b643a383b733a33323a226337346439376230316561653235376534346161396435626164653937626166223b613a363a7b733a323a226964223b733a323a223136223b733a333a22717479223b643a313b733a353a227072696365223b643a33353030303b733a343a226e616d65223b733a31303a224b6f7069204c61747465223b733a353a22726f776964223b733a33323a226337346439376230316561653235376534346161396435626164653937626166223b733a383a22737562746f74616c223b643a33353030303b7d733a33323a223962663331633766663036323933366139366433633862643166386632666633223b613a363a7b733a323a226964223b733a323a223135223b733a333a22717479223b643a313b733a353a227072696365223b643a32353030303b733a343a226e616d65223b733a31343a2248617a656c6e7574204c61747465223b733a353a22726f776964223b733a33323a223962663331633766663036323933366139366433633862643166386632666633223b733a383a22737562746f74616c223b643a32353030303b7d733a33323a223730656664663265633962303836303739373935633434323633366235356662223b613a363a7b733a323a226964223b733a323a223137223b733a333a22717479223b643a313b733a353a227072696365223b643a32303030303b733a343a226e616d65223b733a393a224d696c6b5368616b65223b733a353a22726f776964223b733a33323a223730656664663265633962303836303739373935633434323633366235356662223b733a383a22737562746f74616c223b643a32303030303b7d733a33323a223666343932326634353536383136316138636466346164323239396636643233223b613a363a7b733a323a226964223b733a323a223138223b733a333a22717479223b643a313b733a353a227072696365223b643a32303030303b733a343a226e616d65223b733a31303a2243686f636f4265616e73223b733a353a22726f776964223b733a33323a223666343932326634353536383136316138636466346164323239396636643233223b733a383a22737562746f74616c223b643a32303030303b7d733a33323a223166306533646164393939303833343566373433396638666661626466666334223b613a363a7b733a323a226964223b733a323a223139223b733a333a22717479223b643a313b733a353a227072696365223b643a31383030303b733a343a226e616d65223b733a31323a2242616e616e612053706c6974223b733a353a22726f776964223b733a33323a223166306533646164393939303833343566373433396638666661626466666334223b733a383a22737562746f74616c223b643a31383030303b7d733a33323a223938663133373038323130313934633437353638376265363130366133623834223b613a363a7b733a323a226964223b733a323a223230223b733a333a22717479223b643a313b733a353a227072696365223b643a34303030303b733a343a226e616d65223b733a31343a224b6f706920436170707563696e6f223b733a353a22726f776964223b733a33323a223938663133373038323130313934633437353638376265363130366133623834223b733a383a22737562746f74616c223b643a34303030303b7d733a33323a223363353964633034386538383530323433626538303739613563373464303739223b613a363a7b733a323a226964223b733a323a223231223b733a333a22717479223b643a313b733a353a227072696365223b643a31353030303b733a343a226e616d65223b733a353a22446f6e6174223b733a353a22726f776964223b733a33323a223363353964633034386538383530323433626538303739613563373464303739223b733a383a22737562746f74616c223b643a31353030303b7d733a33323a226236643736376432663865643564323161343462306535383836363830636239223b613a363a7b733a323a226964223b733a323a223232223b733a333a22717479223b643a313b733a353a227072696365223b643a31303030303b733a343a226e616d65223b733a31343a224b656e74616e6720476f72656e67223b733a353a22726f776964223b733a33323a226236643736376432663865643564323161343462306535383836363830636239223b733a383a22737562746f74616c223b643a31303030303b7d7d),
('vbu38cisvbodp9tuvm7mmjb4rrvvatu9', '103.138.49.95', 1624381577, 0x5f5f63695f6c6173745f726567656e65726174657c693a313632343338313535313b5f5f4143544956455f53455353494f4e5f444154417c733a3235363a223262396232376239613737326538333761376464656661383365333566386161313433636133656638336134643163326635323133303264643461663732623638353763626163303762636266666162333563616663623865616165376161646561613066383835346364323735626339656630326361366231353862623232354b6b42704b714354474a78483456477a374d77794c656357495038647a495170586c32484976564f6d526868797a51642b2b4272316e354f484f752f59415a554b6f3635546638794c4563644a636e575673614a76576231727359736d6a78716c3948735243366f613433466e434963735a6b3953726958737a4a515a664c223b7265646972656374696f6e7c4e3b),
('9f5osmkiaj4183bii7jr61su1baktrfh', '140.213.2.227', 1624429703, 0x5f5f63695f6c6173745f726567656e65726174657c693a313632343432393730333b),
('rfv0vrrdhige2oti2tgq75quj1cunmf2', '140.213.0.98', 1624429801, 0x5f5f63695f6c6173745f726567656e65726174657c693a313632343432393730333b7265646972656374696f6e7c4e3b5f5f4143544956455f53455353494f4e5f444154417c733a3235363a223063616136636164363039613466666363663331363131303339326335656364353862643861646135353766313161656131343330643663363639336335353332323338666335343334346338316433333462383437326634613363333433663066326330376634666165636466326335393932613733653765356638333333517063755431384241596b6845357068663346684a5646557339615337557157715a474e59334a55326a62485963533762506a454f436e324b4b436e547950554d31767250374e77514f4c7a75425956673231734573756152526d64676957476d4d33416e65506d75424934474f5a375959397566642b326269487976447458223b636172745f636f6e74656e74737c613a363a7b733a31303a22636172745f746f74616c223b643a3130303030303b733a31313a22746f74616c5f6974656d73223b643a343b733a33323a223962663331633766663036323933366139366433633862643166386632666633223b613a363a7b733a323a226964223b733a323a223135223b733a333a22717479223b643a313b733a353a227072696365223b643a32353030303b733a343a226e616d65223b733a31343a2248617a656c6e7574204c61747465223b733a353a22726f776964223b733a33323a223962663331633766663036323933366139366433633862643166386632666633223b733a383a22737562746f74616c223b643a32353030303b7d733a33323a226337346439376230316561653235376534346161396435626164653937626166223b613a363a7b733a323a226964223b733a323a223136223b733a333a22717479223b643a313b733a353a227072696365223b643a33353030303b733a343a226e616d65223b733a31303a224b6f7069204c61747465223b733a353a22726f776964223b733a33323a226337346439376230316561653235376534346161396435626164653937626166223b733a383a22737562746f74616c223b643a33353030303b7d733a33323a223730656664663265633962303836303739373935633434323633366235356662223b613a363a7b733a323a226964223b733a323a223137223b733a333a22717479223b643a313b733a353a227072696365223b643a32303030303b733a343a226e616d65223b733a393a224d696c6b5368616b65223b733a353a22726f776964223b733a33323a223730656664663265633962303836303739373935633434323633366235356662223b733a383a22737562746f74616c223b643a32303030303b7d733a33323a223666343932326634353536383136316138636466346164323239396636643233223b613a363a7b733a323a226964223b733a323a223138223b733a333a22717479223b643a313b733a353a227072696365223b643a32303030303b733a343a226e616d65223b733a31303a2243686f636f4265616e73223b733a353a22726f776964223b733a33323a223666343932326634353536383136316138636466346164323239396636643233223b733a383a22737562746f74616c223b643a32303030303b7d7d),
('lf426n4hfi5vqrelb9hocnn0vgqd7f6t', '114.124.161.182', 1624438217, 0x5f5f63695f6c6173745f726567656e65726174657c693a313632343433383231373b),
('m0jo102la13l9rqvdsagqu25luipegai', '114.124.161.182', 1624439168, 0x5f5f63695f6c6173745f726567656e65726174657c693a313632343433393136383b7265646972656374696f6e7c4e3b6c6f67696e5f666c6173687c733a37373a224d61616620557365726e616d65203c623e6b696d6a6f6e67756e3c2f623e2042656c756d20746572646166746172203c62723e20536567657261204c616b756b616e2052656765737472617369223b5f5f63695f766172737c613a313a7b733a31313a226c6f67696e5f666c617368223b733a333a226f6c64223b7d),
('4be6ltv0mkph6f49ik94utpbop61r2dq', '114.124.161.182', 1624439181, 0x5f5f63695f6c6173745f726567656e65726174657c693a313632343433393136383b7265646972656374696f6e7c4e3b),
('ift0u5gf47bnkgpcu5raj9pvtor32qiq', '110.138.4.247', 1624459537, 0x5f5f63695f6c6173745f726567656e65726174657c693a313632343435393533373b636172745f636f6e74656e74737c613a353a7b733a31303a22636172745f746f74616c223b643a35383030303b733a31313a22746f74616c5f6974656d73223b643a333b733a33323a226337346439376230316561653235376534346161396435626164653937626166223b613a363a7b733a323a226964223b733a323a223136223b733a333a22717479223b643a313b733a353a227072696365223b643a33353030303b733a343a226e616d65223b733a31303a224b6f7069204c61747465223b733a353a22726f776964223b733a33323a226337346439376230316561653235376534346161396435626164653937626166223b733a383a22737562746f74616c223b643a33353030303b7d733a33323a223363353964633034386538383530323433626538303739613563373464303739223b613a363a7b733a323a226964223b733a323a223231223b733a333a22717479223b643a313b733a353a227072696365223b643a31353030303b733a343a226e616d65223b733a353a22446f6e6174223b733a353a22726f776964223b733a33323a223363353964633034386538383530323433626538303739613563373464303739223b733a383a22737562746f74616c223b643a31353030303b7d733a33323a223333653735666630396464363031626265363966333531303339313532313839223b613a363a7b733a323a226964223b733a323a223238223b733a333a22717479223b643a313b733a353a227072696365223b643a383030303b733a343a226e616d65223b733a33323a22416972205075746968204b656d6173616e20426f746f6c205072697374696e65223b733a353a22726f776964223b733a33323a223333653735666630396464363031626265363966333531303339313532313839223b733a383a22737562746f74616c223b643a383030303b7d7d),
('99qr0l654lqo7bi5lepmh1k3770g10kg', '110.138.4.247', 1624459615, 0x5f5f63695f6c6173745f726567656e65726174657c693a313632343435393533373b636172745f636f6e74656e74737c613a353a7b733a31303a22636172745f746f74616c223b643a35383030303b733a31313a22746f74616c5f6974656d73223b643a333b733a33323a226337346439376230316561653235376534346161396435626164653937626166223b613a363a7b733a323a226964223b733a323a223136223b733a333a22717479223b643a313b733a353a227072696365223b643a33353030303b733a343a226e616d65223b733a31303a224b6f7069204c61747465223b733a353a22726f776964223b733a33323a226337346439376230316561653235376534346161396435626164653937626166223b733a383a22737562746f74616c223b643a33353030303b7d733a33323a223363353964633034386538383530323433626538303739613563373464303739223b613a363a7b733a323a226964223b733a323a223231223b733a333a22717479223b643a313b733a353a227072696365223b643a31353030303b733a343a226e616d65223b733a353a22446f6e6174223b733a353a22726f776964223b733a33323a223363353964633034386538383530323433626538303739613563373464303739223b733a383a22737562746f74616c223b643a31353030303b7d733a33323a223333653735666630396464363031626265363966333531303339313532313839223b613a363a7b733a323a226964223b733a323a223238223b733a333a22717479223b643a313b733a353a227072696365223b643a383030303b733a343a226e616d65223b733a33323a22416972205075746968204b656d6173616e20426f746f6c205072697374696e65223b733a353a22726f776964223b733a33323a223333653735666630396464363031626265363966333531303339313532313839223b733a383a22737562746f74616c223b643a383030303b7d7d5f74656d705f636f75706f6e7c733a303a22223b5f74656d705f7175616e746974797c613a333a7b733a33323a226337346439376230316561653235376534346161396435626164653937626166223b733a313a2231223b733a33323a223363353964633034386538383530323433626538303739613563373464303739223b733a313a2231223b733a33323a223333653735666630396464363031626265363966333531303339313532313839223b733a313a2231223b7d7265646972656374696f6e7c733a35363a226148523063446f764c336433647935726233427063324675644856354c6d31354c6d6c6b4c334e6f623341765932686c593274766458513d223b),
('07nbtdsbu5s3sot0pe5tf96mf5am4lrb', '110.50.80.196', 1624459540, 0x5f5f63695f6c6173745f726567656e65726174657c693a313632343435393533383b5f74656d705f636f75706f6e7c4e3b5f74656d705f7175616e746974797c4e3b7265646972656374696f6e7c733a35363a226148523063446f764c336433647935726233427063324675644856354c6d31354c6d6c6b4c334e6f623341765932686c593274766458513d223b),
('b89o08ugaicko0lincfgavgmereuf362', '103.139.83.189', 1624509242, 0x5f5f63695f6c6173745f726567656e65726174657c693a313632343530393234323b7265646972656374696f6e7c733a37323a226148523063446f764c336433647935726233427063324675644856354c6d31354c6d6c6b4c324e3163335276625756794c3342686557316c626e527a4c324e76626d5a70636d303d223b),
('hfj88j2od37d3odvp9ljif3u1mdc33ts', '35.187.232.113', 1624508333, 0x5f5f63695f6c6173745f726567656e65726174657c693a313632343530383333333b),
('a0ndbo7nbtibknp0nvuape9qke6r6kr2', '35.187.232.113', 1624508333, 0x5f5f63695f6c6173745f726567656e65726174657c693a313632343530383333333b),
('s4k5f34keb2i4im9l60k9mmhudel85ek', '35.187.232.113', 1624508333, 0x5f5f63695f6c6173745f726567656e65726174657c693a313632343530383333333b),
('n0h6qq1pj7cj2upe821tg10plaudlff3', '35.187.232.113', 1624508334, 0x5f5f63695f6c6173745f726567656e65726174657c693a313632343530383333343b),
('slu5859b1emm1qm669n05h5qtgjtroef', '35.187.232.113', 1624508334, 0x5f5f63695f6c6173745f726567656e65726174657c693a313632343530383333343b),
('v8pikpstcg0apibfjjco3ir39ek2bgni', '35.187.232.113', 1624508334, 0x5f5f63695f6c6173745f726567656e65726174657c693a313632343530383333343b),
('19d8a8f0chmpgb90s771mr20in42s3ss', '209.120.227.2', 1624508334, 0x5f5f63695f6c6173745f726567656e65726174657c693a313632343530383333343b),
('hur8p1v0fsubri15as7pb1a557erej00', '35.187.232.113', 1624508334, 0x5f5f63695f6c6173745f726567656e65726174657c693a313632343530383333343b),
('54gjvlmjdh94a0r0hsn6uhbnoltvod0k', '209.120.227.2', 1624508334, 0x5f5f63695f6c6173745f726567656e65726174657c693a313632343530383333343b),
('vch1csobguo6t48392583depijr5l7tl', '35.187.232.113', 1624508339, 0x5f5f63695f6c6173745f726567656e65726174657c693a313632343530383333393b),
('2tsg46nhptmv37pmpdsrkc61ou9v7cg6', '35.187.232.113', 1624508402, 0x5f5f63695f6c6173745f726567656e65726174657c693a313632343530383430323b),
('8j4idi3l6cf5m9v10m1h28jau7p2uid2', '35.187.232.113', 1624508402, 0x5f5f63695f6c6173745f726567656e65726174657c693a313632343530383430323b),
('utuvi9mv1qu9a7kj6b92v56peqbtcghe', '35.187.232.113', 1624508417, 0x5f5f63695f6c6173745f726567656e65726174657c693a313632343530383431363b7265646972656374696f6e7c733a37323a226148523063446f764c336433647935726233427063324675644856354c6d31354c6d6c6b4c324e3163335276625756794c3342686557316c626e527a4c324e76626d5a70636d303d223b),
('058dfs0v95tqonartsad4jd63ipoe6ep', '35.187.232.113', 1624508418, 0x5f5f63695f6c6173745f726567656e65726174657c693a313632343530383431383b7265646972656374696f6e7c733a37323a226148523063446f764c336433647935726233427063324675644856354c6d31354c6d6c6b4c324e3163335276625756794c3342686557316c626e527a4c324e76626d5a70636d303d223b),
('nri2du4h1mj0d1fquufgd2smttm5mmt1', '103.139.83.188', 1624515613, 0x5f5f63695f6c6173745f726567656e65726174657c693a313632343531353631333b7265646972656374696f6e7c4e3b5f5f4143544956455f53455353494f4e5f444154417c733a3235363a223665333461646333356361663335656633666639663238663033336232346532313362633265666535336430376666386133636336373234336265306534643931383732386330353238653938633232666365626139333536303136353265663237623166303833653238653834336137666336656665333433333264646130786f5a74492b4448684d59763848757179394644747a794d3274537344503139387365305876426162304f6630654d6f614557667965524c3975766744703852585174577551516b6c6a35324d4d384b6d5432446e7431326d5a616e563139486b336c7a78725a445249463453756435724f6842797354634f5a645131413041223b),
('ch014ts5ina49j1lhlulo3r5e93dd2nk', '35.187.232.113', 1624509243, 0x5f5f63695f6c6173745f726567656e65726174657c693a313632343530393234333b7265646972656374696f6e7c4e3b),
('b0sfb3crmptu3t74uveqgb12pvtaqt45', '35.187.232.113', 1624509386, 0x5f5f63695f6c6173745f726567656e65726174657c693a313632343530393338363b),
('vcail26kp8pt11a2gc6ul8d8cc18hv5f', '205.169.39.246', 1624509460, 0x5f5f63695f6c6173745f726567656e65726174657c693a313632343530393436303b7265646972656374696f6e7c4e3b),
('3tcv1p0i09mrd69turhb0gadv024qmjq', '205.169.39.246', 1624509464, 0x5f5f63695f6c6173745f726567656e65726174657c693a313632343530393436343b7265646972656374696f6e7c4e3b),
('v1lclvnas3jqn87qgma6hjjblnuu74h5', '35.187.232.113', 1624509515, 0x5f5f63695f6c6173745f726567656e65726174657c693a313632343530393531343b7265646972656374696f6e7c733a34383a226148523063446f764c336433647935726233427063324675644856354c6d31354c6d6c6b4c324e316333527662575679223b),
('v2fqn6gk0na98ou48cgnblthprdpitkd', '103.139.82.189', 1624515664, 0x5f5f63695f6c6173745f726567656e65726174657c693a313632343531353631333b7265646972656374696f6e7c4e3b5f5f4143544956455f53455353494f4e5f444154417c733a3235363a223665333461646333356361663335656633666639663238663033336232346532313362633265666535336430376666386133636336373234336265306534643931383732386330353238653938633232666365626139333536303136353265663237623166303833653238653834336137666336656665333433333264646130786f5a74492b4448684d59763848757179394644747a794d3274537344503139387365305876426162304f6630654d6f614557667965524c3975766744703852585174577551516b6c6a35324d4d384b6d5432446e7431326d5a616e563139486b336c7a78725a445249463453756435724f6842797354634f5a645131413041223b),
('n03c6tk2oop4l70oe7lmq00c91epmb89', '103.139.83.188', 1624515816, 0x5f5f63695f6c6173745f726567656e65726174657c693a313632343531353732353b7265646972656374696f6e7c4e3b),
('452v03ka704c22v9iomd1f41i2b1pa1a', '140.213.35.46', 1624516085, 0x5f5f63695f6c6173745f726567656e65726174657c693a313632343531363038353b7265646972656374696f6e7c4e3b5f5f4143544956455f53455353494f4e5f444154417c733a3235363a22636337383838323933346666663662643636326535376237303530663463303866613762393435383963366634623833303666616435643665646636623061656334333365653961636434383663386139626236626534646635656332636466353433616264333331326230336565313765663436636631363736316230383833395a6a564e4b79706152556448624a7052443256493956732f622f48544a67324239464b33755164333175556663387a313377625a47336477757a6c466767485a5638526445335a3576506d7632464c54676f353438515775666e55302b75624b79663350336f635044515364426a487a6367694b56564e666e6465496f4c223b656469745f70726f647563745f666c6173687c733a32373a2250726f64756b20626572686173696c206469706572626172756921223b5f5f63695f766172737c613a313a7b733a31383a22656469745f70726f647563745f666c617368223b733a333a226f6c64223b7d),
('9nojeegl9v746ebftl53258le7r3trj4', '140.213.0.73', 1624516551, 0x5f5f63695f6c6173745f726567656e65726174657c693a313632343531363535313b7265646972656374696f6e7c4e3b5f5f4143544956455f53455353494f4e5f444154417c733a3235363a22636337383838323933346666663662643636326535376237303530663463303866613762393435383963366634623833303666616435643665646636623061656334333365653961636434383663386139626236626534646635656332636466353433616264333331326230336565313765663436636631363736316230383833395a6a564e4b79706152556448624a7052443256493956732f622f48544a67324239464b33755164333175556663387a313377625a47336477757a6c466767485a5638526445335a3576506d7632464c54676f353438515775666e55302b75624b79663350336f635044515364426a487a6367694b56564e666e6465496f4c223b),
('jdrgd3ihl1fv3g5m4ft2q5gsrklfl6pf', '140.213.0.73', 1624518773, 0x5f5f63695f6c6173745f726567656e65726174657c693a313632343531383737333b7265646972656374696f6e7c4e3b5f5f4143544956455f53455353494f4e5f444154417c733a3235363a22636337383838323933346666663662643636326535376237303530663463303866613762393435383963366634623833303666616435643665646636623061656334333365653961636434383663386139626236626534646635656332636466353433616264333331326230336565313765663436636631363736316230383833395a6a564e4b79706152556448624a7052443256493956732f622f48544a67324239464b33755164333175556663387a313377625a47336477757a6c466767485a5638526445335a3576506d7632464c54676f353438515775666e55302b75624b79663350336f635044515364426a487a6367694b56564e666e6465496f4c223b),
('kn6cvv0kls22euhsfsne7fke7aqivnn9', '140.213.35.46', 1624524163, 0x5f5f63695f6c6173745f726567656e65726174657c693a313632343532343136333b),
('u6d8d7thsfujbh45if5pg478b7ui41ll', '140.213.35.46', 1624519283, 0x5f5f63695f6c6173745f726567656e65726174657c693a313632343531393238333b7265646972656374696f6e7c4e3b5f5f4143544956455f53455353494f4e5f444154417c733a3235363a22636337383838323933346666663662643636326535376237303530663463303866613762393435383963366634623833303666616435643665646636623061656334333365653961636434383663386139626236626534646635656332636466353433616264333331326230336565313765663436636631363736316230383833395a6a564e4b79706152556448624a7052443256493956732f622f48544a67324239464b33755164333175556663387a313377625a47336477757a6c466767485a5638526445335a3576506d7632464c54676f353438515775666e55302b75624b79663350336f635044515364426a487a6367694b56564e666e6465496f4c223b),
('k5lnfvj56e3vd6nqpmi67hi7ah9c92kb', '140.213.2.235', 1624519646, 0x5f5f63695f6c6173745f726567656e65726174657c693a313632343531393634363b7265646972656374696f6e7c4e3b5f5f4143544956455f53455353494f4e5f444154417c733a3235363a22636337383838323933346666663662643636326535376237303530663463303866613762393435383963366634623833303666616435643665646636623061656334333365653961636434383663386139626236626534646635656332636466353433616264333331326230336565313765663436636631363736316230383833395a6a564e4b79706152556448624a7052443256493956732f622f48544a67324239464b33755164333175556663387a313377625a47336477757a6c466767485a5638526445335a3576506d7632464c54676f353438515775666e55302b75624b79663350336f635044515364426a487a6367694b56564e666e6465496f4c223b),
('imcgpk54kcmaigej6osbgbahl90om7jt', '140.213.0.73', 1624519981, 0x5f5f63695f6c6173745f726567656e65726174657c693a313632343531393938313b7265646972656374696f6e7c4e3b5f5f4143544956455f53455353494f4e5f444154417c733a3235363a22636337383838323933346666663662643636326535376237303530663463303866613762393435383963366634623833303666616435643665646636623061656334333365653961636434383663386139626236626534646635656332636466353433616264333331326230336565313765663436636631363736316230383833395a6a564e4b79706152556448624a7052443256493956732f622f48544a67324239464b33755164333175556663387a313377625a47336477757a6c466767485a5638526445335a3576506d7632464c54676f353438515775666e55302b75624b79663350336f635044515364426a487a6367694b56564e666e6465496f4c223b),
('kqi806tse40kt7kec5mpuej7cqjb0sl1', '140.213.0.73', 1624520282, 0x5f5f63695f6c6173745f726567656e65726174657c693a313632343532303238323b7265646972656374696f6e7c4e3b5f5f4143544956455f53455353494f4e5f444154417c733a3235363a22636337383838323933346666663662643636326535376237303530663463303866613762393435383963366634623833303666616435643665646636623061656334333365653961636434383663386139626236626534646635656332636466353433616264333331326230336565313765663436636631363736316230383833395a6a564e4b79706152556448624a7052443256493956732f622f48544a67324239464b33755164333175556663387a313377625a47336477757a6c466767485a5638526445335a3576506d7632464c54676f353438515775666e55302b75624b79663350336f635044515364426a487a6367694b56564e666e6465496f4c223b656469745f70726f647563745f666c6173687c733a32373a2250726f64756b20626572686173696c206469706572626172756921223b5f5f63695f766172737c613a313a7b733a31383a22656469745f70726f647563745f666c617368223b733a333a226e6577223b7d),
('4o2i2ro9t7nlqr3occsljs1qg86vbi0t', '140.213.2.235', 1624520598, 0x5f5f63695f6c6173745f726567656e65726174657c693a313632343532303539383b7265646972656374696f6e7c4e3b5f5f4143544956455f53455353494f4e5f444154417c733a3235363a22636337383838323933346666663662643636326535376237303530663463303866613762393435383963366634623833303666616435643665646636623061656334333365653961636434383663386139626236626534646635656332636466353433616264333331326230336565313765663436636631363736316230383833395a6a564e4b79706152556448624a7052443256493956732f622f48544a67324239464b33755164333175556663387a313377625a47336477757a6c466767485a5638526445335a3576506d7632464c54676f353438515775666e55302b75624b79663350336f635044515364426a487a6367694b56564e666e6465496f4c223b),
('m9a97vd0d0bpuohvj7r4826ga4u9u9gq', '140.213.2.235', 1624520694, 0x5f5f63695f6c6173745f726567656e65726174657c693a313632343532303539383b7265646972656374696f6e7c733a37323a226148523063446f764c336433647935726233427063324675644856354c6d31354c6d6c6b4c324e3163335276625756794c3342686557316c626e527a4c324e76626d5a70636d303d223b5f5f4143544956455f53455353494f4e5f444154417c733a3235363a22636337383838323933346666663662643636326535376237303530663463303866613762393435383963366634623833303666616435643665646636623061656334333365653961636434383663386139626236626534646635656332636466353433616264333331326230336565313765663436636631363736316230383833395a6a564e4b79706152556448624a7052443256493956732f622f48544a67324239464b33755164333175556663387a313377625a47336477757a6c466767485a5638526445335a3576506d7632464c54676f353438515775666e55302b75624b79663350336f635044515364426a487a6367694b56564e666e6465496f4c223b),
('govnosnsqedt4aq3705knag46bv3sn46', '140.213.2.240', 1624524167, 0x5f5f63695f6c6173745f726567656e65726174657c693a313632343532343136333b);

-- --------------------------------------------------------

--
-- Struktur dari tabel `contacts`
--

CREATE TABLE `contacts` (
  `id` int(10) NOT NULL,
  `parent_id` int(10) DEFAULT NULL,
  `name` varchar(32) NOT NULL,
  `subject` varchar(128) DEFAULT NULL,
  `email` varchar(64) NOT NULL,
  `message` mediumtext NOT NULL,
  `contact_date` datetime DEFAULT NULL,
  `status` tinyint(1) DEFAULT 1,
  `reply_at` datetime DEFAULT NULL
) ENGINE=InnoDB DEFAULT CHARSET=utf8mb4;

--
-- Dumping data untuk tabel `contacts`
--

INSERT INTO `contacts` (`id`, `parent_id`, `name`, `subject`, `email`, `message`, `contact_date`, `status`, `reply_at`) VALUES
(2, NULL, 'dani ganteng', 'ksnfaklsjdklasjdlkasjlkd', 'casadanidwi@gmail.com', 'lkjlaksjdlkajslkdjaslkdjalksjdljaslkdj', '2021-06-09 07:06:32', 2, NULL);

-- --------------------------------------------------------

--
-- Struktur dari tabel `coupons`
--

CREATE TABLE `coupons` (
  `id` bigint(20) NOT NULL,
  `name` varchar(191) NOT NULL,
  `code` varchar(32) NOT NULL,
  `credit` decimal(8,2) NOT NULL,
  `start_date` date NOT NULL,
  `expired_date` date NOT NULL,
  `is_active` tinyint(4) DEFAULT 1
) ENGINE=InnoDB DEFAULT CHARSET=utf8mb4;

--
-- Dumping data untuk tabel `coupons`
--

INSERT INTO `coupons` (`id`, `name`, `code`, `credit`, `start_date`, `expired_date`, `is_active`) VALUES
(1, 'Potongan Harga', 'MARIBELANJA', 50000.00, '2021-05-01', '2021-05-31', 1),
(2, 'Mari kita coba', 'COBAKUY', 70000.00, '2021-06-22', '2022-08-31', 1);

-- --------------------------------------------------------

--
-- Struktur dari tabel `customers`
--

CREATE TABLE `customers` (
  `id` bigint(20) NOT NULL,
  `user_id` bigint(20) UNSIGNED DEFAULT NULL,
  `name` varchar(191) NOT NULL,
  `phone_number` varchar(32) DEFAULT NULL,
  `address` varchar(191) NOT NULL,
  `profile_picture` varchar(191) DEFAULT NULL
) ENGINE=InnoDB DEFAULT CHARSET=utf8mb4;

--
-- Dumping data untuk tabel `customers`
--

INSERT INTO `customers` (`id`, `user_id`, `name`, `phone_number`, `address`, `profile_picture`) VALUES
(7, 9, 'pelanggan', '087888232', 'jalan', NULL),
(8, 11, 'latifismailadjie', '088213078815', 'kp.basmol', NULL),
(9, 12, 'pelanggan1', '123123123', 'asdasdkasdasd', NULL),
(10, 13, 'latif', '087388382838283', 'ksksksksnsks', NULL),
(11, 14, 'Ridho Sudrajat', '085694629882', 'jl tanah sereal', NULL),
(12, 15, 'Dani dwi cahyo saputro', '089696719293', 'Jl cendrawasih 6', NULL),
(13, 16, 'Muhammad Rafi Naufal Rachman', '081386164206', 'Srengseng', NULL),
(14, 17, 'Fazrian', '08984567057', 'Subang', NULL),
(15, 18, 'pengen makan', '04540540540', 'ksjsjfaosfaosfnasf', NULL),
(16, 19, 'dimas', '085717268925', 'Jl.Pedongkelan', NULL),
(17, 23, 'dani ganteng', '08976565456', 'jl.dadaaaa', 'whatsapp_PNG20.png'),
(19, 25, 'nama lengkap', '0856123456', 'jalan-jalan', NULL);

-- --------------------------------------------------------

--
-- Struktur dari tabel `orders`
--

CREATE TABLE `orders` (
  `id` bigint(20) NOT NULL,
  `user_id` bigint(20) UNSIGNED DEFAULT NULL,
  `coupon_id` bigint(20) DEFAULT NULL,
  `order_number` varchar(16) NOT NULL,
  `order_status` enum('1','2','3','4','5') DEFAULT '1',
  `order_date` datetime NOT NULL,
  `total_price` decimal(8,2) DEFAULT NULL,
  `total_items` int(10) DEFAULT NULL,
  `payment_method` int(11) DEFAULT 1,
  `delivery_data` text DEFAULT NULL,
  `delivered_date` datetime DEFAULT NULL,
  `finish_date` datetime DEFAULT NULL
) ENGINE=InnoDB DEFAULT CHARSET=utf8mb4;

--
-- Dumping data untuk tabel `orders`
--

INSERT INTO `orders` (`id`, `user_id`, `coupon_id`, `order_number`, `order_status`, `order_date`, `total_price`, `total_items`, `payment_method`, `delivery_data`, `delivered_date`, `finish_date`) VALUES
(9, 9, NULL, 'CWU3032139132', '3', '2021-03-30 07:26:38', 494000.00, 3, 2, '{\"customer\":{\"name\":\"pelanggan\",\"phone_number\":\"087888232\",\"address\":\"jalan\"},\"note\":\"\"}', NULL, NULL),
(10, 11, 1, 'ASZ55212111784', '3', '2021-05-05 13:36:46', 185000.00, 2, 2, '{\"customer\":{\"name\":\"latifismailadjie\",\"phone_number\":\"088213078815\",\"address\":\"kp.basmol\"},\"note\":\"jangan lupa pake acar\"}', NULL, NULL),
(11, 9, NULL, 'WRA2352119846', '3', '2021-05-23 19:38:23', 50000.00, 1, 2, '{\"customer\":{\"name\":\"pelanggan\",\"phone_number\":\"087888232\",\"address\":\"jalan\"},\"note\":\"\"}', NULL, NULL),
(12, 23, NULL, 'SBG9621123612', '4', '2021-06-09 06:54:23', 35000.00, 1, 2, '{\"customer\":{\"name\":\"dani ganteng\",\"phone_number\":\"08976565456\",\"address\":\"jl.dadaaaa\"},\"note\":\"jangan lama\"}', NULL, NULL),
(13, 23, NULL, 'NLO9621123056', '4', '2021-06-09 07:30:50', 50000.00, 1, 1, '{\"customer\":{\"name\":\"dani ganteng\",\"phone_number\":\"08976565456\",\"address\":\"jl.dadaaaa\"},\"note\":\"\"}', NULL, NULL),
(16, 25, NULL, 'MUC19621125305', '4', '2021-06-19 05:26:21', 50000.00, 1, 1, '{\"customer\":{\"name\":\"nama lengkap\",\"phone_number\":\"0856123456\",\"address\":\"jalan-jalan\"},\"note\":\"\"}', NULL, NULL);

-- --------------------------------------------------------

--
-- Struktur dari tabel `order_item`
--

CREATE TABLE `order_item` (
  `id` bigint(20) NOT NULL,
  `order_id` bigint(20) DEFAULT NULL,
  `product_id` bigint(20) DEFAULT NULL,
  `order_qty` int(10) NOT NULL,
  `order_price` decimal(8,2) DEFAULT NULL
) ENGINE=InnoDB DEFAULT CHARSET=utf8mb4;

--
-- Dumping data untuk tabel `order_item`
--

INSERT INTO `order_item` (`id`, `order_id`, `product_id`, `order_qty`, `order_price`) VALUES
(3, 4, 2, 1, 31000.00),
(4, 4, 8, 13, 20000.00),
(5, 5, 2, 1, 31000.00),
(6, 5, 13, 12, 20000.00),
(7, 6, 9, 10, 35000.00),
(8, 7, 10, 1, 12000.00),
(9, 7, 9, 1, 35000.00),
(10, 7, 2, 1, 31000.00),
(11, 8, 9, 1, 35000.00),
(12, 8, 1, 5, 65000.00),
(13, 9, 4, 2, 10000.00),
(14, 9, 5, 1, 12000.00),
(15, 9, 14, 14, 33000.00),
(16, 10, 17, 1, 35000.00),
(17, 10, 18, 5, 40000.00),
(18, 11, 15, 1, 50000.00),
(19, 12, 17, 1, 35000.00),
(20, 13, 15, 1, 50000.00),
(21, 14, 17, 2, 35000.00),
(22, 15, 17, 3, 35000.00),
(23, 16, 15, 1, 50000.00);

-- --------------------------------------------------------

--
-- Struktur dari tabel `payments`
--

CREATE TABLE `payments` (
  `id` bigint(20) NOT NULL,
  `order_id` bigint(20) DEFAULT NULL,
  `payment_price` decimal(8,2) DEFAULT NULL,
  `payment_date` datetime NOT NULL,
  `picture_name` varchar(191) DEFAULT NULL,
  `payment_status` enum('1','2','3') DEFAULT '1',
  `confirmed_date` datetime DEFAULT NULL,
  `payment_data` text DEFAULT NULL
) ENGINE=InnoDB DEFAULT CHARSET=utf8mb4;

--
-- Dumping data untuk tabel `payments`
--

INSERT INTO `payments` (`id`, `order_id`, `payment_price`, `payment_date`, `picture_name`, `payment_status`, `confirmed_date`, `payment_data`) VALUES
(4, 5, 271000.00, '2020-03-29 08:20:39', 'category-1.jpg', '1', NULL, '{\"transfer_to\":\"bri\",\"source\":{\"bank\":\"Bank BRI\",\"name\":\"Agung Tri Saputra\",\"number\":\"12-345-678-9\"}}'),
(5, 7, 78000.00, '2020-03-30 08:51:08', 'html5.jpg', '2', NULL, '{\"transfer_to\":\"btn\",\"source\":{\"bank\":\"BANK BCA\",\"name\":\"MMS\",\"number\":\"123-456\"}}'),
(6, 13, 50000.00, '2021-06-09 08:36:34', 'WhatsApp_Image_2021-04-20_at_13_21_02_(3).jpeg', '2', NULL, '{\"transfer_to\":\"bri\",\"source\":{\"bank\":\"danny\",\"name\":\"dd\",\"number\":\"12312312312312\"}}'),
(7, 16, 50.00, '2021-06-19 05:28:19', 'Untitled_Diagram.png', '2', NULL, '{\"transfer_to\":\"bri\",\"source\":{\"bank\":\"bbri\",\"name\":\"saya\",\"number\":\"123\"}}');

-- --------------------------------------------------------

--
-- Struktur dari tabel `products`
--

CREATE TABLE `products` (
  `id` bigint(20) NOT NULL,
  `category_id` int(10) DEFAULT NULL,
  `sku` varchar(32) DEFAULT NULL,
  `name` varchar(191) NOT NULL,
  `description` varchar(191) DEFAULT NULL,
  `picture_name` varchar(191) DEFAULT NULL,
  `price` decimal(8,2) NOT NULL,
  `current_discount` decimal(8,2) DEFAULT 0.00,
  `stock` int(10) NOT NULL,
  `product_unit` varchar(32) DEFAULT NULL,
  `is_available` tinyint(1) DEFAULT 1,
  `add_date` datetime DEFAULT NULL
) ENGINE=InnoDB DEFAULT CHARSET=utf8mb4;

--
-- Dumping data untuk tabel `products`
--

INSERT INTO `products` (`id`, `category_id`, `sku`, `name`, `description`, `picture_name`, `price`, `current_discount`, `stock`, `product_unit`, `is_available`, `add_date`) VALUES
(15, 4, 'BM5500317', 'Coffe Late gak ditarik', NULL, 'Frame_10.png', 25000.00, 0.00, 500, 'ml', 1, '2021-04-09 08:38:36'),
(16, 4, 'MPM6600568', 'Americano Coffe', NULL, 'Frame_12.png', 45000.00, 10000.00, 500, 'ml', 1, '2021-04-09 09:16:08'),
(17, 4, 'MM3550205', 'Cappucino no cincau', NULL, 'Frame_14.png', 20000.00, 0.00, 550, 'ml', 1, '2021-04-09 09:26:45'),
(18, 4, 'CM4550339', 'Dark ChocoBeans', NULL, 'Frame_16.png', 25000.00, 5000.00, 550, 'ml', 1, '2021-04-09 09:28:59'),
(19, 4, 'BSM5550727', 'Chocolatos with astor', NULL, 'Frame_9.png', 30000.00, 12000.00, 550, 'ml', 1, '2021-04-09 09:35:27'),
(20, 4, 'CBM350129', 'Red Valvet strawberry', NULL, 'Frame_11.png', 40000.00, 0.00, 50, 'ml', 1, '2021-06-09 08:58:49'),
(21, 4, 'DM330009', 'Jus do it with apple', NULL, 'Frame_13.png', 15000.00, 0.00, 3, 'pcs', 1, '2021-06-21 04:16:49'),
(22, 4, 'FFM22072', 'Ice Chocolate not with flag', NULL, 'Frame_15.png', 10000.00, 0.00, 1, 'porsi', 1, '2021-06-21 04:34:32'),
(23, 3, 'LTM3500532', 'Fried Egg Crepe Filled with Vegetables and Meat', NULL, 'Frame_5.png', 90000.00, 0.00, 500, 'porsi', 1, '2021-06-21 04:42:12'),
(24, 3, 'OJM3500990', 'french fries 1000', NULL, 'Frame_6.png', 15000.00, 0.00, 500, 'porsi', 1, '2021-06-21 04:49:50'),
(25, 3, 'MTBSM945583', 'Do\'nuts', NULL, 'Frame_7.png', 10000.00, 5000.00, 45, '500gr', 1, '2021-06-21 05:16:23'),
(26, 3, 'ACM230975', 'Creapy Patty', NULL, 'Frame_8.png', 35000.00, 5000.00, 30, 'ml', 1, '2021-06-22 04:42:55'),
(27, 4, 'CLGPGM253949', 'Pristine mineral water', NULL, 'Frame_1.png', 28000.00, 18000.00, 53, '300ml', 1, '2021-06-22 11:39:09'),
(28, 4, 'WWM8150606', 'Energy Drink Cap jempol', NULL, 'Frame_2.png', 8000.00, 0.00, 150, '500ml', 1, '2021-06-22 14:03:26'),
(29, 4, 'HM250512', 'Watermelon mineral water', NULL, 'Frame_3.png', 20000.00, 0.00, 50, '1 porsi', 1, '2021-06-22 15:25:12'),
(30, 4, 'MBCJM1121746', 'Lemon mineral water', NULL, 'Frame_4.png', 13000.00, 0.00, 121, '500ml', 1, '2021-06-22 15:29:06');

-- --------------------------------------------------------

--
-- Struktur dari tabel `product_category`
--

CREATE TABLE `product_category` (
  `id` int(10) NOT NULL,
  `name` varchar(191) NOT NULL
) ENGINE=InnoDB DEFAULT CHARSET=utf8mb4;

--
-- Dumping data untuk tabel `product_category`
--

INSERT INTO `product_category` (`id`, `name`) VALUES
(3, 'Makanan'),
(4, 'Minuman');

-- --------------------------------------------------------

--
-- Struktur dari tabel `reviews`
--

CREATE TABLE `reviews` (
  `id` bigint(20) NOT NULL,
  `user_id` bigint(20) UNSIGNED DEFAULT NULL,
  `order_id` bigint(20) DEFAULT NULL,
  `title` varchar(191) DEFAULT NULL,
  `review_text` mediumtext NOT NULL,
  `review_date` datetime NOT NULL,
  `status` tinyint(1) NOT NULL DEFAULT 1
) ENGINE=InnoDB DEFAULT CHARSET=utf8mb4;

--
-- Dumping data untuk tabel `reviews`
--

INSERT INTO `reviews` (`id`, `user_id`, `order_id`, `title`, `review_text`, `review_date`, `status`) VALUES
(2, 7, 6, 'Sangat puas', 'Pengiriman cepat dan sayur segar', '2020-03-30 08:31:31', 1),
(3, 7, 5, 'Buah segar', 'Buah segar dan kualitasnya sangat bagus', '2020-03-30 08:33:10', 1),
(4, 9, 9, 'knlkn', ',jhjkhjkj', '2021-03-30 07:28:17', 1),
(5, 23, 12, 'dada', 'apa aja', '2021-06-09 06:59:15', 1);

-- --------------------------------------------------------

--
-- Struktur dari tabel `roles`
--

CREATE TABLE `roles` (
  `id` int(10) NOT NULL,
  `role_name` varchar(191) NOT NULL
) ENGINE=InnoDB DEFAULT CHARSET=utf8mb4;

--
-- Dumping data untuk tabel `roles`
--

INSERT INTO `roles` (`id`, `role_name`) VALUES
(1, 'Admin'),
(2, 'Customer');

-- --------------------------------------------------------

--
-- Struktur dari tabel `settings`
--

CREATE TABLE `settings` (
  `id` int(10) NOT NULL,
  `key` varchar(32) NOT NULL,
  `content` varchar(191) NOT NULL
) ENGINE=InnoDB DEFAULT CHARSET=utf8mb4;

--
-- Dumping data untuk tabel `settings`
--

INSERT INTO `settings` (`id`, `key`, `content`) VALUES
(1, 'current_theme_name', 'Cafe'),
(2, 'store_name', 'NILSINE CAFE'),
(3, 'store_phone_number', '082281666584'),
(4, 'store_email', 'nlsncafe@gmail.com'),
(5, 'store_tagline', 'Mau Coba Pesan dirumah ? Kuy,Siap Kami Antarkan!'),
(6, 'store_logo', 'logo1.png'),
(7, 'max_product_image_size', '20000'),
(8, 'store_description', 'Nikmati Kenikmatan coffe dari nilsine'),
(9, 'store_address', 'jl.Basmol Raya Kembangan Utara Jakarta Barat'),
(10, 'min_shop_to_free_shipping_cost', '20000'),
(11, 'shipping_cost', '3000'),
(12, 'payment_banks', '{\"bri\":{\"bank\":\"BRI\",\"name\":\"Latif ismail adjie\",\"number\":\"9999-999-99-9\"},\"btn\":{\"bank\":\"BNI\",\"name\":\"Dany\",\"number\":\"4444-444-44-4\"}}');

-- --------------------------------------------------------

--
-- Struktur dari tabel `users`
--

CREATE TABLE `users` (
  `id` bigint(20) UNSIGNED NOT NULL,
  `name` varchar(50) COLLATE utf8mb4_unicode_ci DEFAULT NULL,
  `email` varchar(191) COLLATE utf8mb4_unicode_ci NOT NULL,
  `email_verified_at` timestamp NULL DEFAULT NULL,
  `username` varchar(16) COLLATE utf8mb4_unicode_ci NOT NULL,
  `password` varchar(191) COLLATE utf8mb4_unicode_ci NOT NULL,
  `profile_picture` varchar(128) COLLATE utf8mb4_unicode_ci DEFAULT NULL,
  `role_id` int(10) DEFAULT 0,
  `register_date` datetime DEFAULT NULL
) ENGINE=InnoDB DEFAULT CHARSET=utf8mb4 COLLATE=utf8mb4_unicode_ci;

--
-- Dumping data untuk tabel `users`
--

INSERT INTO `users` (`id`, `name`, `email`, `email_verified_at`, `username`, `password`, `profile_picture`, `role_id`, `register_date`) VALUES
(9, NULL, 'pelanggan@gmail.com', NULL, 'pelanggan', '$2y$10$oUc0wKaKLv/AaP12Wk6u7uwvRSZpbE9D8BDVIJolyIaqG9OQXMhry', NULL, 1, '2021-03-30 07:24:04'),
(11, NULL, 'test@aja.com', NULL, 'latifismailadjie', '$2y$10$WenYa9KRGQS2R5oi8XEHi.5RtNFMu/Ll/APa.0c18teG6Xicx.3E2', NULL, 2, '2021-05-05 13:33:46'),
(12, NULL, 'pelanggan1@gmasd.cp', NULL, 'pelanggan1', '$2y$10$MqNj/n37tixkWNr7idTlDO/IVifVYFGErF.CPY50iAc9NtWtumXUm', NULL, 2, '2021-05-23 19:42:11'),
(13, NULL, 'latifismask@gmail.co', NULL, 'latif', '$2y$10$FwhEvh.OZCft3iNc4v314ejfxqQ7PEzCCPm2N8vXD2Ip3PsqE4ZYa', NULL, 2, '2021-05-29 03:35:31'),
(14, NULL, 'maqloterbang@gmail.com', NULL, 'ridhosdjt', '$2y$10$7wvVPAqkZ5AKhYeamaaPNOqv.zoO2DlozDs6OS9F0HiqrvuXDu9GO', NULL, 1, '2021-05-29 10:21:16'),
(15, NULL, 'cdanidwi@gmail.com', NULL, 'Dannydwi', '$2y$10$u7eBvdemVuzit0gnLrsTjefhn3VZsbvevNc8KMrdJ2FZhJXd0lpJG', NULL, 1, '2021-05-29 10:21:26'),
(16, NULL, 'iam.naufalrafi@gmail.com', NULL, 'rafinaufalx', '$2y$10$Iay3WoI/0NkWq6UqWN9.Vuw777Gtxdbotuq5N5FdNv0jvoFdiFjOy', NULL, 1, '2021-05-29 10:24:16'),
(17, NULL, 'Zihadfazrian@nusamandiri.ac.id', NULL, 'Zihad', '$2y$10$4Qh2BCNupC7ZuKixCKZdV.CScJxc6MrHEeN6Q0u1KCgteTPxY9/ae', NULL, 1, '2021-05-29 10:28:31'),
(18, NULL, 'asasd@gmail.com', NULL, 'pengen', '$2y$10$ODxqwiytCZ6wst5oSWW5reddVNwKqPcPAjiIXHPuiZ4q7XbsmGKHa', NULL, 2, '2021-05-29 11:04:44'),
(19, NULL, 'dimasbarkah14@gmail.com', NULL, 'dimas', '$2y$10$etOubhhyjS8AlbdLbxoCeO2yFGJAL3f799KLqkisZj0ITEhpFieKK', NULL, 2, '2021-05-29 11:29:14'),
(23, NULL, 'casadanidwi@gmail.com', NULL, 'dani', '$2y$10$LCUZB5PiVtqRi.mBC37FW.bQsiwyc8KYEjiDIbN9sIELsw23P5HtS', NULL, 2, '2021-06-09 06:52:58'),
(25, NULL, 'saya@yahoo.com', NULL, 'saya', '$2y$10$PrfHPNvnuQ2030bOztFlV.BiMmszEHHI8ebxSn5a02RCQWwzsb9si', NULL, 2, '2021-06-19 05:20:03');

--
-- Indexes for dumped tables
--

--
-- Indeks untuk tabel `ci_sessions`
--
ALTER TABLE `ci_sessions`
  ADD KEY `ci_sessions_timestamp` (`timestamp`);

--
-- Indeks untuk tabel `contacts`
--
ALTER TABLE `contacts`
  ADD PRIMARY KEY (`id`),
  ADD KEY `FK_contacts_contacts` (`parent_id`);

--
-- Indeks untuk tabel `coupons`
--
ALTER TABLE `coupons`
  ADD PRIMARY KEY (`id`);

--
-- Indeks untuk tabel `customers`
--
ALTER TABLE `customers`
  ADD PRIMARY KEY (`id`),
  ADD KEY `FK_customers_users` (`user_id`);

--
-- Indeks untuk tabel `orders`
--
ALTER TABLE `orders`
  ADD PRIMARY KEY (`id`),
  ADD KEY `FK_orders_users` (`user_id`),
  ADD KEY `FK_orders_coupons` (`coupon_id`);

--
-- Indeks untuk tabel `order_item`
--
ALTER TABLE `order_item`
  ADD PRIMARY KEY (`id`),
  ADD KEY `order_id` (`order_id`),
  ADD KEY `product_id` (`product_id`);

--
-- Indeks untuk tabel `payments`
--
ALTER TABLE `payments`
  ADD PRIMARY KEY (`id`),
  ADD KEY `order_id` (`order_id`);

--
-- Indeks untuk tabel `products`
--
ALTER TABLE `products`
  ADD PRIMARY KEY (`id`),
  ADD KEY `FK_products_product_category` (`category_id`);

--
-- Indeks untuk tabel `product_category`
--
ALTER TABLE `product_category`
  ADD PRIMARY KEY (`id`);

--
-- Indeks untuk tabel `reviews`
--
ALTER TABLE `reviews`
  ADD PRIMARY KEY (`id`),
  ADD KEY `FK_reviews_users` (`user_id`),
  ADD KEY `FK_reviews_orders` (`order_id`);

--
-- Indeks untuk tabel `roles`
--
ALTER TABLE `roles`
  ADD PRIMARY KEY (`id`);

--
-- Indeks untuk tabel `settings`
--
ALTER TABLE `settings`
  ADD PRIMARY KEY (`id`) USING BTREE;

--
-- Indeks untuk tabel `users`
--
ALTER TABLE `users`
  ADD PRIMARY KEY (`id`) USING BTREE,
  ADD UNIQUE KEY `users_email_unique` (`email`) USING BTREE,
  ADD KEY `role_id` (`role_id`);

--
-- AUTO_INCREMENT untuk tabel yang dibuang
--

--
-- AUTO_INCREMENT untuk tabel `contacts`
--
ALTER TABLE `contacts`
  MODIFY `id` int(10) NOT NULL AUTO_INCREMENT, AUTO_INCREMENT=3;

--
-- AUTO_INCREMENT untuk tabel `coupons`
--
ALTER TABLE `coupons`
  MODIFY `id` bigint(20) NOT NULL AUTO_INCREMENT, AUTO_INCREMENT=3;

--
-- AUTO_INCREMENT untuk tabel `customers`
--
ALTER TABLE `customers`
  MODIFY `id` bigint(20) NOT NULL AUTO_INCREMENT, AUTO_INCREMENT=20;

--
-- AUTO_INCREMENT untuk tabel `orders`
--
ALTER TABLE `orders`
  MODIFY `id` bigint(20) NOT NULL AUTO_INCREMENT, AUTO_INCREMENT=17;

--
-- AUTO_INCREMENT untuk tabel `order_item`
--
ALTER TABLE `order_item`
  MODIFY `id` bigint(20) NOT NULL AUTO_INCREMENT, AUTO_INCREMENT=24;

--
-- AUTO_INCREMENT untuk tabel `payments`
--
ALTER TABLE `payments`
  MODIFY `id` bigint(20) NOT NULL AUTO_INCREMENT, AUTO_INCREMENT=8;

--
-- AUTO_INCREMENT untuk tabel `products`
--
ALTER TABLE `products`
  MODIFY `id` bigint(20) NOT NULL AUTO_INCREMENT, AUTO_INCREMENT=31;

--
-- AUTO_INCREMENT untuk tabel `product_category`
--
ALTER TABLE `product_category`
  MODIFY `id` int(10) NOT NULL AUTO_INCREMENT, AUTO_INCREMENT=5;

--
-- AUTO_INCREMENT untuk tabel `reviews`
--
ALTER TABLE `reviews`
  MODIFY `id` bigint(20) NOT NULL AUTO_INCREMENT, AUTO_INCREMENT=6;

--
-- AUTO_INCREMENT untuk tabel `roles`
--
ALTER TABLE `roles`
  MODIFY `id` int(10) NOT NULL AUTO_INCREMENT, AUTO_INCREMENT=3;

--
-- AUTO_INCREMENT untuk tabel `settings`
--
ALTER TABLE `settings`
  MODIFY `id` int(10) NOT NULL AUTO_INCREMENT, AUTO_INCREMENT=13;

--
-- AUTO_INCREMENT untuk tabel `users`
--
ALTER TABLE `users`
  MODIFY `id` bigint(20) UNSIGNED NOT NULL AUTO_INCREMENT, AUTO_INCREMENT=27;

--
-- Ketidakleluasaan untuk tabel pelimpahan (Dumped Tables)
--

--
-- Ketidakleluasaan untuk tabel `contacts`
--
ALTER TABLE `contacts`
  ADD CONSTRAINT `FK_contacts_contacts` FOREIGN KEY (`parent_id`) REFERENCES `contacts` (`id`) ON DELETE CASCADE ON UPDATE NO ACTION;

--
-- Ketidakleluasaan untuk tabel `customers`
--
ALTER TABLE `customers`
  ADD CONSTRAINT `FK_customers_users` FOREIGN KEY (`user_id`) REFERENCES `users` (`id`) ON DELETE NO ACTION ON UPDATE CASCADE;

--
-- Ketidakleluasaan untuk tabel `orders`
--
ALTER TABLE `orders`
  ADD CONSTRAINT `FK_orders_coupons` FOREIGN KEY (`coupon_id`) REFERENCES `coupons` (`id`) ON DELETE SET NULL ON UPDATE CASCADE,
  ADD CONSTRAINT `FK_orders_users` FOREIGN KEY (`user_id`) REFERENCES `users` (`id`) ON DELETE NO ACTION ON UPDATE CASCADE;
COMMIT;

/*!40101 SET CHARACTER_SET_CLIENT=@OLD_CHARACTER_SET_CLIENT */;
/*!40101 SET CHARACTER_SET_RESULTS=@OLD_CHARACTER_SET_RESULTS */;
/*!40101 SET COLLATION_CONNECTION=@OLD_COLLATION_CONNECTION */;
